[
  {
    "name": "Jollibee",
    "address": "1st Avenue Taguig City",
    "delivery_charge": 150,
    "image": "https://encrypted-tbn0.gstatic.com/images?q=tbn:ANd9GcTKBVEcWjOh5wn-BnntVNy0VACx7p4XwXUg7g&s",
   "hours": {
      "Sunday": "11:00 AM - 7:00 PM",
      "Monday": "10:00 AM - 9:00 PM",
      "Tuesday": "10:00 AM - 10:00 PM",
      "Wednesday": "10:00 AM - 11:00 PM",
      "Thursday": "10:00 AM - 10:00 PM",
      "Friday": "10:00 AM - 11:00 PM",
      "Saturday": "10:00 AM - 2:00 PM"
    },
    "menus": [
      { "name": "Jolly Spaghetii", "price": 50.00, "url": "https://www.jollibeefoods.com/_next/image?url=https%3A%2F%2Folo-images-live.imgix.net%2F38%2F384cc52ac0884b7aabdc41b8bde5584b.jpg%3Fauto%3Dformat%252Ccompress%26q%3D60%26cs%3Dtinysrgb%26w%3D1200%26h%3D800%26fit%3Dfill%26fm%3Dpng32%26bg%3Dtransparent%26s%3D34eab722154af5ef146926a8539be5a9&w=1920&q=75" },
      { "name": "1 pc Chickenjoy w/Drink", "price": 105.00, "url": "https://www.jollibee.com.bn/assets/images/products/24/300x300/vm-1pc-chickenjoy-w-gravy-and-rice-w-drink-jb-cup.jpg" },
      { "name": "Cookies and Cream Sundae", "price": 59.00, "url": "https://www.jollibee.com.bn/assets/images/products/105/300x300/54095-jb-brunei-cookies-and-cream-sundae.jpg"},
      { "name": "Double Cheesy Yumburger", "price": 137.00, "url": "https://images.deliveryhero.io/image/fd-ph/Products/48681231.jpg?width=%s" },
      { "name": "Yumburger", "price": 42.00, "url": "https://www.jollibeefoods.com/_next/image?url=https%3A%2F%2Folo-images-live.imgix.net%2F2e%2F2ecef47337374590a8361cd10ee36309.jpg%3Fauto%3Dformat%252Ccompress%26q%3D60%26cs%3Dtinysrgb%26w%3D1200%26h%3D800%26fit%3Dfill%26fm%3Dpng32%26bg%3Dtransparent%26s%3D36e393168ef1930a3d79bcb918319fa6&w=1920&q=75" },
      { "name": "Crunchy Chicken Sandwich ", "price": 62.00, "url": "https://pinoycupidgifts.com/wp-content/uploads/2024/06/Crunchy-Chicken-Sandwich-Jollibee.jpg" },
      { "name": "I pc Burger Steak w/Drnk", "price": 82.00, "url": "https://pinoycupidgifts.com/wp-content/uploads/2022/08/1pc-Burger-Steak-with-Drink-by-Jollibee-600x450.jpg" },
      { "name": "Tuna Pie Solo", "price": 53.00, "url": "https://orangemagazine.ph/wp-content/uploads/2019/02/TUNA-PIE-Solo-on-Napkin2-448x450.jpg" },
      { "name": "Coke Float", "price": 59.00, "url": "https://www.vozzog.com/images/resto/l_de61d_cokefloat.jpg" },
      { "name": "Ice Mocha", "price": 69.00, "url": "https://thumbs.dreamstime.com/b/iced-mocha-coffee-cup-glass-isolated-white-background-339974570.jpg" }
    ]
  },
  {
    "name": "McDonald's",
    "address": "2nd Avenue Taguig City",
    "delivery_charge": 150,
    "image": "https://encrypted-tbn0.gstatic.com/images?q=tbn:ANd9GcSRjLWhWpx9PfbzysffLbMA_DK_8jawJAVHbw&s",
    "hours": {
      "Sunday": "11:00 AM - 7:00 PM",
      "Monday": "10:00 AM - 9:00 PM",
      "Tuesday": "10:00 AM - 10:00 PM",
      "Wednesday": "10:00 AM - 11:00 PM",
      "Thursday": "10:00 AM - 10:00 PM",
      "Friday": "10:00 AM - 11:00 PM",
      "Saturday": "10:00 AM - 2:00 PM"
    },
    "menus": [
      { "name": "1-pc Chicken Mcdo Solo", "price": 99.00, "url": "https://encrypted-tbn0.gstatic.com/images?q=tbn:ANd9GcR1zoL2gcyCrYMSel8stL0NelZcOyTHKf6jcw&s" },
      { "name": "Crispy Chicken Fillet Solo", "price": 75.00, "url": "https://pinoycupidgifts.com/wp-content/uploads/2022/08/Crispy-Chicken-Fillet-AlaKing-Solo.jpg" },
      { "name": "BFF Fries", "price": 169.00, "url": "https://media.pickaroo.com/media/thumb/variant_photos/2021/4/5/nbPeg35d6c7fuQU4bSqXSc_watermark_400.jpg" },
      { "name": "ChocNut Sundae", "price": 73.00, "url": "https://mcdophmenu.com/wp-content/uploads/2024/05/ChocNut-Sundae.webp" },
      { "name": "Spicy McCrispy", "price": 352.00, "url": "https://encrypted-tbn0.gstatic.com/images?q=tbn:ANd9GcQKTPRwa5aAbyzQ88PyE_lB9yrJF59PU4PYlw&s" },
      { "name": "Egg Muffin", "price": 160.00, "url": "https://s7d1.scene7.com/is/image/mcdonalds/mcdonalds-Egg-Cheese-McMuffin-2:1-3-product-tile-desktop?wid=829&hei=515&dpr=off" },
      { "name": "Iced Coffee(Small)", "price": 55, "url": "https://s7d1.scene7.com/is/image/mcdonaldsstage/DC_201906_1212_MediumIcedCoffee_Glass_A1_1564x1564:product-header-mobile?wid=1313&hei=1313&dpr=off" },
      { "name": "Hash Browns", "price": 140.00, "url": "https://s7d1.scene7.com/is/image/mcdonalds/mcdonalds-hashbrowns:1-3-product-tile-desktop?wid=829&hei=515&dpr=off" },
      { "name": "Scrambled Eggs", "price": 41.00, "url": "https://s7d1.scene7.com/is/image/mcdonaldsstage/DC_Ingredient_202110_03952-058__0030_ScrambledEggs_1564x1564:product-header-mobile?wid=1313&hei=1313&dpr=off" },
      { "name": "McCafe Americano", "price": 120.00, "url": "https://media.pickaroo.com/media/thumb/variant_photos/2024/9/5/HiiJ82UBpxFgqgVbtrGqhL_watermark_400.jpg" }
    ]
  },
  {
    "name": "Shakey's",
    "address": "3rd Avenue",
    "delivery_charge": 150,
    "image": "https://static.wixstatic.com/media/382e5f_0da015e4d1364af3b62ae16ab30dbcd7~mv2.jpg/v1/fit/w_500,h_500,q_90/file.jpg",
    "hours": {
      "Sunday": "11:00 AM - 7:00 PM",
      "Monday": "10:00 AM - 9:00 PM",
      "Tuesday": "10:00 AM - 10:00 PM",
      "Wednesday": "10:00 AM - 11:00 PM",
      "Thursday": "10:00 AM - 10:00 PM",
      "Friday": "10:00 AM - 11:00 PM",
      "Saturday": "9:00 AM - 2:00 PM"
    },
    "menus": [
      { "name": "Manager's Choice", "price": 389.00, "url": "https://encrypted-tbn0.gstatic.com/images?q=tbn:ANd9GcS0_t-Xh2_mNY-qm5MvbwaaugEYVyIPTg5O2w&s"},
      { "name": "Shakey's Special", "price": 389.00, "url": "https://pinoycupidgifts.com/wp-content/uploads/2024/05/Belly-Buster-Shakeys.jpg" },
      { "name": "2-pc Chicken N Rice", "price": 299.00,"url": "https://d56cx1n31amxi.cloudfront.net/images/2pc-Chicken.png" },
      { "name": "Carbonara Supreme", "price": 299.00, "url": "https://d56cx1n31amxi.cloudfront.net/images/Carbonara_Supreme.png" },
      { "name": "Chicken Corn Soup", "price": 135.00, "url": "https://d56cx1n31amxi.cloudfront.net/images/Chicken-n-Corn-soup_Y2C84Y0.png"},
      { "name": "1.5L Coke", "price": 90.00, "url": "https://images.freshop.ncrcloud.com/1564405684702543770/e0ab97472ff7801126f30f75cab0c976_large.png"}
    ]
  },
  {
    "name": "KFC",
    "address": "4th Avenue Taguig City",
    "delivery_charge": 150,
    "image": "https://m.media-amazon.com/images/I/61sDhtXeCgL._AC_SL1000_.jpg",
    "hours": {
    "Sunday": "11:00 AM - 7:00 PM",
    "Monday": "9:00 AM - 9:00 PM",
    "Tuesday": "10:00 AM - 10:00 PM",
    "Wednesday": "11:00 AM - 10:00 PM",
    "Thursday": "10:00 AM - 10:00 PM",
    "Friday": "10:00 AM - 11:00 PM",
    "Saturday": "10:00 AM - 2:00 PM"
  },
    "menus": [
      { "name": "Famous Bowl Meal", "price": 150.00, "url": "https://cdn.tictuk.com/04d917c0-7bcd-6ced-acad-3e4db2bcbfd5/menus/FAMBOWL.jpg" },
      { "name": "Smoky BBQ Zinger Ala Cart", "price": 165.00, "url": "https://cdn.tictuk.com/04d917c0-7bcd-6ced-acad-3e4db2bcbfd5/menus/SBBQZINGER.jpg" },
      { "name": "Holiday Brownie Box", "price": 205.00, "url": "https://cdn.tictuk.com/04d917c0-7bcd-6ced-acad-3e4db2bcbfd5/menus/HOLBRWNYBOX.jpg"},
      { "name": "1-pc Chicken Ala Carte", "price": 137.00, "url": "https://cdn.tictuk.com/04d917c0-7bcd-6ced-acad-3e4db2bcbfd5/menus/1PCCHK.jpg" },
      { "name": "2-pc Chicken Meal", "price": 235.00, "url": "https://cdn.tictuk.com/04d917c0-7bcd-6ced-acad-3e4db2bcbfd5/menus/A2PCCBO.jpg" },
      { "name": "Sisig Rice Bowl ", "price": 140.00, "url": "https://cdn.tictuk.com/04d917c0-7bcd-6ced-acad-3e4db2bcbfd5/menus/RBSISIG.jpg" },
      { "name": "Spaghetti", "price": 65.00, "url": "https://cdn.tictuk.com/04d917c0-7bcd-6ced-acad-3e4db2bcbfd5/menus/ACXSPGCBO.jpg" },
      { "name": "Creamy Iced Coffee", "price": 65.00, "url": "https://cdn.tictuk.com/04d917c0-7bcd-6ced-acad-3e4db2bcbfd5/menus/CREAMICEDCOFFEE.jpg" },
      { "name": "Coffee Float", "price": 59.00, "url": "https://cdn.tictuk.com/04d917c0-7bcd-6ced-acad-3e4db2bcbfd5/menus/CFFEEFLOAT.jpg" },
      { "name": "Bottled Water", "price": 39.00, "url": "https://cdn.tictuk.com/04d917c0-7bcd-6ced-acad-3e4db2bcbfd5/menus/BTLWATER.jpg" }
    ]
  },
  {
    "name": "Mang Inasal",
    "address": "7th Avenue Taguig City",
    "delivery_charge": 150,
    "image": "https://encrypted-tbn0.gstatic.com/images?q=tbn:ANd9GcT-i6e1AyjSujZobE1A4JQ9oKlHNUWA1BeA1w&s",
    "hours": {
      "Sunday": "9:00 AM - 11:00 PM",
      "Monday": "10:00 AM - 9:00 PM",
      "Tuesday": "10:00 AM - 10:00 PM",
      "Wednesday": "9:00 AM - 11:00 PM",
      "Thursday": "11:00 AM - 10:00 PM",
      "Friday": "10:00 AM - 12:00 PM",
      "Saturday": "10:00 AM - 2:00 PM"
    },
    "menus": [
      { "name": "Paa large (Solo)", "price": 146.00, "url": "https://www.manginasal.ph/wp-content/uploads/2023/09/Paa-large-400x255-1.png" },
      { "name": "2 pcs Pork BBQ (Solo)", "price": 112.00, "url": "https://www.manginasal.ph/wp-content/uploads/2023/09/2-pc-Pork-BBQ-with-Spiced-Vinegar-2.png" },
      { "name": "Extra Creamy Halo-Halo", "price": 76.00, "url": "https://www.manginasal.ph/wp-content/uploads/2023/09/Extra-Creamy-Halo-Halo.png?q=80&w=1200&h=630"},
      { "name": "Pecho Large (Solo)", "price": 174.00, "url": "https://www.manginasal.ph/wp-content/uploads/2023/09/Pecho-Large-PM2.png" },
      { "name": "Chicken Inasal Regular", "price": 112.00, "url": "https://www.manginasal.ph/wp-content/uploads/2023/09/chicken-insal-regular-3.png"},
      { "name": "Crema de Leche ", "price": 76.00, "url": "https://www.manginasal.ph/wp-content/uploads/2023/09/Crema-de-Leche-Small.png" },
      { "name": "Palabok Regular Size (Solo)", "price": 112.00, "url": "https://www.manginasal.ph/wp-content/uploads/2023/09/palabok.png" },
      { "name": "2pcs Lumpiang Togue", "price": 62.00, "url": "https://pinoycupidgifts.com/wp-content/uploads/2024/05/2pcs-Lumpiang-Togue.jpg" },
      { "name": "Iced Red Gulaman", "price": 44.00, "url": "https://lh3.googleusercontent.com/ub32KDb_ATEhLtJbKuzHpmE6Op9dXJXZm2Ahh8IdkWamYJrJWRq8Wg7FRoDPeUFetfJfld2pHoD_lsI7cDNNLWuzpA3ulNag5AM=w500-rw" },
      { "name": "Iced Tea", "price": 44.00, "url": "https://lh3.googleusercontent.com/3tpYvhJtuSkS0S6GG6CaFtvupkS1ARxjonYgIT71D-tXyiInCmikxPMKA9B_Vj-DkR-AIymUOzFlAFRce30HkT7SNaByrAaMOPI=w500-rw" }
    ]
  }
]



